Planet;Distance;Size;OrbitalPeriod;RotationPeriod;Type;Moons
Sun;0;1989100000;0;7.5000000000;star;0
Mercury;57909175;4879;87.97;58.65;rocky;0
Venus;108208930;12104;224.7;243.02;rocky;0
Earth;149597890;12756;365.26;1;rocky;1
Mars;227936640;6805;686.97;0.3000000000;rocky;2
Jupiter;778412010;142984;4332.59;0.41;gas;67
Saturn;1426725400;120536;10759.22;0.44;gas;62
Uranus;2870972200;51118;30688.5;0.72;gas-ice;27
Neptune;4498252900;49528;60182;0.67;gas-ice;14
